INSERT INTO `lost_pet_article` (mem_id, article_update, lost_date, lost_place, chip_num, species, color, feature, text, contact_phone, article_status, title)
VALUES
  (1, '2023-05-30 09:30:00', '2023-05-29', '台北市', '1234567890', '貓', '灰色', '尾巴有斑點', '迷路了，請幫忙找回家', '0912345678', '1', '迷路的貓咪'),
  (2, '2023-05-30 10:15:00', '2023-05-28', '新北市', '0987654321', '狗', '棕色', '左眼有傷疤', '走失已兩天，請聯絡我', '0923456789', '1', '走失的狗狗'),
  (3, '2023-05-30 11:00:00', '2023-05-27', '台中市', NULL, '兔子', '白色', '耳朵長而立起', '看到的話請留言通知我', '0934567890', '0', '走失的兔子'),
  (4, '2023-05-30 12:30:00', '2023-05-26', '高雄市', '9876543210', '狗', '黑色', '右前腳有白毛', '拜託幫忙尋找', '0945678901', '1', '迷路的小黑狗'),
  (5, '2023-05-30 13:45:00', '2023-05-25', '台北市', '0123456789', '貓', '橘色', '耳朵尖尖', '我家貓貓不見了', '0956789012', '1', '走失的橘貓'),
  (6, '2023-05-30 14:20:00', '2023-05-24', '新竹市', NULL, '狗', '白色', '有黑色斑點', '走失已三天，請幫忙尋找', '0967890123', '1', '迷路的白狗'),
  (7, '2023-05-30 15:10:00', '2023-05-23', '台南市', '9876543210', '鳥', '綠色', '頭上有紅冠', '麻煩協助找回鳥兒', '0978901234', '1', '飛走的小鳥'),
  (8, '2023-05-30 16:00:00', '2023-05-22', '彰化縣', '0123456789', '貓', '黑色', '右眼有斑點', '找不到貓貓了', '0989012345', '1', '失蹤的貓咪'),
  (9, '2023-05-30 17:20:00', '2023-05-21', '高雄市', NULL, '狗', '棕色', '耳朵立起', '家中狗狗不見了', '0990123456', '1', '家中走失的狗'),
  (10, '2023-05-30 18:10:00', '2023-05-20', '台中市', '9876543210', '貓', '灰白相間', '尾巴短', '急尋找失蹤的貓咪', '0912345678', '1', '灰白貓咪不見了');

INSERT INTO `lost_pet_responce` (mem_id, article_id, responce_content, responce_time)
VALUES
  (1, 1, '我看到一隻類似描述的貓咪，請聯絡我', '2023-05-30 09:35:00'),
  (2, 1, '我也看到了，我可以協助尋找', '2023-05-30 10:20:00'),
  (3, 2, '我找到一隻棕色的狗狗，請聯絡我', '2023-05-30 10:30:00'),
  (4, 2, '我看到有個棕色狗狗在附近出沒', '2023-05-30 11:10:00'),
  (5, 3, '我找到了一隻白色兔子，請聯絡我', '2023-05-30 11:30:00'),
  (6, 3, '我看到一隻兔子在公園裡', '2023-05-30 12:05:00'),
  (7, 4, '我找到了一隻黑色狗狗，請聯絡我', '2023-05-30 12:45:00'),
  (8, 5, '我看到一隻橘色的貓咪在路邊', '2023-05-30 13:55:00'),
  (9, 7, '我找到了一隻綠色的鳥，請聯絡我', '2023-05-30 15:15:00'),
  (10, 10, '我看到了一隻灰白相間的貓咪', '2023-05-30 18:20:00');

INSERT INTO `animal_corporation` (corp_id, applied_status, corp_account, corp_password, corp_name, corp_registered_id, corp_address, contact_name, contact_phone, contact_email, corp_access)
VALUES
  (1, '0', 'corp001', 'password001', '社團法人新北市醫事檢驗師公會', '112年度法登社字第35號', '新北市板橋區南雅南路2段21號臨床病理科', '張三', '0912345678', 'example1@gmail.com', '1'),
  (2, '1', 'corp002', 'password002', '社團法人瘋濟宮慈善會', '112年度法登社字第000010號', '屏東縣內埔鄉壽比路468號', '李四', '0923456789', 'example2@gmail.com', '1'),
  (3, '2', 'corp003', 'password003', '社團法人中華兒童程式推廣學會', '112年度法登社字第39號', '桃園市桃園區中正路1246號2樓', '王五', '0934567890', 'example3@gmail.com', '0'),
  (4, '0', 'corp004', 'password004', '社團法人台灣甲狀腺醫護衛教暨健康促進協會', '112年度法登社字第13號', '高雄市左營區大中一路386號', '陳六', '0945678901', 'example4@gmail.com', '1'),
  (5, '1', 'corp005', 'password005', '社團法人台灣黃氏真埜公祭祀宗親會', '112年度法登社字第38號', '桃園市平鎮區和平路20號6樓', '林七', '0956789012', 'example5@gmail.com', '1'),
  (6, '2', 'corp006', 'password006', '社團法人長照智慧健康照顧促進協會', '112年度法登社字第58號', '臺北市松山區南京東路四段186號六樓之6', '劉八', '0967890123', 'example6@gmail.com', '0'),
  (7, '0', 'corp007', 'password007', '社團法人台灣寶貝動物協會', '112年度法登社字第56號', '臺北市松山區八德路四段845號三樓', '蔡九', '0978901234', 'example7@gmail.com', '1'),
  (8, '1', 'corp008', 'password008', '財團法人佛教電子佛典基金會', '112年度法登財字第5號', '臺北市中正區延平南路77號九樓', '吳十', '0989012345', 'example8@gmail.com', '1'),
  (9, '2', 'corp009', 'password009', '社團法人臺灣亞洲彩虹騎行協會', '112年度法登社字第55號', '臺北市中山區松江路148號六樓之一室', '張十一', '0990123456', 'example9@gmail.com', '0'),
  (10, '0', 'corp010', 'password010', '社團法人ESG永續發展協會', '112年度法登社字第53號', '臺北市中正區和平西路一段140號一樓', '林十二', '0912345678', 'example10@gmail.com', '1');
