 /* product */
 INSERT INTO `product` (`pd_type`, `pd_pet_type`, `pd_name`, `pd_price`, `pd_info`) 
 VALUES
 	('食品', '犬', '小型離乳犬與母犬主食慕斯 195g', 100, '產品特色：\n1.對離乳犬來說絕佳風味口感- 超軟慕斯質地有助離乳犬轉換固體食物。\n2.強化免疫力- 添加具科學實證之營養複合物，包含維生素E和維生素C，支持幼犬免疫系統的發展。\n3.幫助腸道菌叢維持平衡- 極易消化性蛋白質與益生元（MOS）結合，有助促進腸道微生物菌叢維持平衡，維持消化道健康。'),
 	('食品', '貓', '特級機能愛貓餐杯 80g', 50, '主要原料及添加物:\n雞肝湯、白身鮪魚、鴨肉、膠凍、葡萄糖胺\n\n每日建議餵食量:3~4公斤成貓,每餐1罐,每日兩餐。(請依實際狀況餵食:如健康、體重、年齡等調整)\n保存方法:請置於陰涼處，開封後若未食用完，請密封置於冰箱保存且儘速食用完畢。'),
	('食品', '犬', '健康野菜放牧雞口味 85g', 80, '西莎把澳洲大自然的\n「美味」、「營養」、「健康」\n裝進自然素材餐盒裡！'),
    ('日用品', '通用', 'Sweet 寵物簡易方床', 500, '用途:寵物睡覺、休憩用\n材質:外:棉、扣具/底:牛津布'),
    ('日用品', '通用', 'SWEET 兩用窩 經典白格紋', 1100, '用途:寵物睡覺、休憩用\n尺寸:36*36*50公分\n材質:外:棉、扣具/底:滴塑牛津布'),
    ('日用品', '貓', '竹木簡約餐桌造型不鏽鋼碗組', 1200, '「一輩子」的專屬貓碗，斜面護頸防噎食\n在能力範圍內，給貓咪更好的\n實木碗架，環保健康不易滑');
    
/* sale_project */
INSERT INTO `sale_project` (`dale_pro_name`, `sale_pro_start`, `sale_pro_end`) 
VALUES 
	('六月-用品類9折', '2023-06-01', '2023-06-30'),
	('六月-食品類8折', '2023-06-01', '2023-06-10');

/* sale */
INSERT INTO `gp3`.`sale` (`pd_id`, `sale_pro_id`, `sale_price`) 
VALUES 
	('1', '2', '80'),
	('2', '2', '40'),
	('3', '2', '64'),
	('4', '1', '450'),
	('5', '1', '990'),
	('6', '1', '1080');

/* order_master */
INSERT INTO `gp3`.`order_master` (`mem_id`, `price_ori`, `price_dis`, `price_bonus`, `price_ship`, `price_od`, `od_status`, `od_pay`, `od_ship`, `reci_name`, `reci_phone`) 
VALUES 
	('1', '150', '10', '10', '60', '190', '0', '0', '0', 'testing', '1234567890'),
    ('2', '250', '20', '20', '60', '290', '1', '1', '1', 'John Doe', '1234567890'),
    ('3', '350', '30', '30', '60', '350', '2', '2', '2', 'Jane Smith', '9876543210'),
    ('4', '450', '40', '40', '60', '430', '3', '0', '0', 'Michael Johnson', '4567891230'),
    ('5', '550', '50', '50', '60', '510', '4', '1', '1', 'Emily Davis', '7891234560'),
    ('6', '650', '60', '60', '60', '590', '5', '2', '2', 'David Wilson', '1237894560'),
    ('7', '750', '70', '70', '120', '730', '6', '0', '0', 'Olivia Thomas', '9874561230'),
    ('8', '850', '80', '80', '150', '840', '0', '1', '1', 'James Anderson', '1239876540'),
    ('9', '1300', '90', '90', '200', '1320', '1', '2', '2', 'Sophia Miller', '7894561230');

/* favorite */
INSERT INTO `gp3`.`favorite` (`pd_id`, `mem_id`, `fav_date`) 
VALUES 
	('1', '1', '2023-06-28'),
	('2', '1', '2023-06-29'),
	('3', '2', '2023-06-01'),
	('4', '3', '2023-06-16'),
	('5', '3', '2023-06-28'),
	('6', '3', '2023-06-14');

/* order_detail */
INSERT INTO `order_detail` (`od_id`, `pd_id`, `sale_pro_id`, `pd_amount`) 
VALUES 
	('1', '1', '2', '10'),
	('1', '2', '2', '10'),
	('2', '3', '2', '10'),
	('3', '4', '1', '10'),
	('4', '5', '1', '10'),
	('6', '6', '1', '10'),
	('6', '1', '2', '10');
